register,document_id,document,template,field,value,page,status,note
Management agreement register as at 1 September 2026,ma-01,Synthetic management agreement MA-01,"Form A (Synthetic Agency One, 2024 edition)",Management fee,6.6%,2,ok,
Management agreement register as at 1 September 2026,ma-01,Synthetic management agreement MA-01,"Form A (Synthetic Agency One, 2024 edition)",Owner repair limit,$500,2,ok,
Management agreement register as at 1 September 2026,ma-01,Synthetic management agreement MA-01,"Form A (Synthetic Agency One, 2024 edition)",Landlord insurance expiry,31 March 2027,3,ok,
Management agreement register as at 1 September 2026,ma-01,Synthetic management agreement MA-01,"Form A (Synthetic Agency One, 2024 edition)",Owner's signed authority,Signed 14 February 2025,3,ok,
Management agreement register as at 1 September 2026,ma-02,Synthetic management agreement MA-02,"Form A (Synthetic Agency One, 2024 edition)",Management fee,6.6%,2,ok,
Management agreement register as at 1 September 2026,ma-02,Synthetic management agreement MA-02,"Form A (Synthetic Agency One, 2024 edition)",Owner repair limit,$800,2,ok,
Management agreement register as at 1 September 2026,ma-02,Synthetic management agreement MA-02,"Form A (Synthetic Agency One, 2024 edition)",Landlord insurance expiry,30 November 2026,3,ok,
Management agreement register as at 1 September 2026,ma-02,Synthetic management agreement MA-02,"Form A (Synthetic Agency One, 2024 edition)",Owner's signed authority,Signed 2 June 2025,3,ok,
Management agreement register as at 1 September 2026,ma-03,Synthetic management agreement MA-03,"Form A (Synthetic Agency One, 2024 edition)",Management fee,7.7%,2,ok,
Management agreement register as at 1 September 2026,ma-03,Synthetic management agreement MA-03,"Form A (Synthetic Agency One, 2024 edition)",Owner repair limit,$500,2,ok,
Management agreement register as at 1 September 2026,ma-03,Synthetic management agreement MA-03,"Form A (Synthetic Agency One, 2024 edition)",Landlord insurance expiry,15 January 2027,3,ok,
Management agreement register as at 1 September 2026,ma-03,Synthetic management agreement MA-03,"Form A (Synthetic Agency One, 2024 edition)",Owner's signed authority,Signed 20 August 2024,3,ok,
Management agreement register as at 1 September 2026,ma-04,Synthetic management agreement MA-04,"Form A (Synthetic Agency One, 2024 edition)",Management fee,6.6%,2,ok,
Management agreement register as at 1 September 2026,ma-04,Synthetic management agreement MA-04,"Form A (Synthetic Agency One, 2024 edition)",Owner repair limit,"$1,000",2,ok,
Management agreement register as at 1 September 2026,ma-04,Synthetic management agreement MA-04,"Form A (Synthetic Agency One, 2024 edition)",Landlord insurance expiry,30 April 2027,3,ok,
Management agreement register as at 1 September 2026,ma-04,Synthetic management agreement MA-04,"Form A (Synthetic Agency One, 2024 edition)",Owner's signed authority,Not signed,3,blocked,"The Owner's signature and date on page 3 are blank, so the file holds no signed authority."
Management agreement register as at 1 September 2026,ma-05,Synthetic management agreement MA-05,"Form A (Synthetic Agency One, 2024 edition)",Management fee,5.5%,2,ok,
Management agreement register as at 1 September 2026,ma-05,Synthetic management agreement MA-05,"Form A (Synthetic Agency One, 2024 edition)",Owner repair limit,$500,2,ok,
Management agreement register as at 1 September 2026,ma-05,Synthetic management agreement MA-05,"Form A (Synthetic Agency One, 2024 edition)",Landlord insurance expiry,31 October 2026,3,ok,
Management agreement register as at 1 September 2026,ma-05,Synthetic management agreement MA-05,"Form A (Synthetic Agency One, 2024 edition)",Owner's signed authority,Signed 9 September 2025,3,ok,
Management agreement register as at 1 September 2026,ma-06,Synthetic management agreement MA-06,"Form B (Synthetic Agency One, 2019 edition)",Management fee,7.7%,1,ok,
Management agreement register as at 1 September 2026,ma-06,Synthetic management agreement MA-06,"Form B (Synthetic Agency One, 2019 edition)",Owner repair limit,$300,1,ok,
Management agreement register as at 1 September 2026,ma-06,Synthetic management agreement MA-06,"Form B (Synthetic Agency One, 2019 edition)",Landlord insurance expiry,30 September 2026,1,ok,
Management agreement register as at 1 September 2026,ma-06,Synthetic management agreement MA-06,"Form B (Synthetic Agency One, 2019 edition)",Owner's signed authority,Signed 11 March 2019,2,ok,
Management agreement register as at 1 September 2026,ma-07,Synthetic management agreement MA-07,"Form B (Synthetic Agency One, 2019 edition)",Management fee,7.7%,1,ok,
Management agreement register as at 1 September 2026,ma-07,Synthetic management agreement MA-07,"Form B (Synthetic Agency One, 2019 edition)",Owner repair limit,$500,1,ok,
Management agreement register as at 1 September 2026,ma-07,Synthetic management agreement MA-07,"Form B (Synthetic Agency One, 2019 edition)",Landlord insurance expiry,30 June 2026,1,review,"The policy expired on 30 June 2026, before this register's date of 1 September 2026. Ask the Owner for the current policy."
Management agreement register as at 1 September 2026,ma-07,Synthetic management agreement MA-07,"Form B (Synthetic Agency One, 2019 edition)",Owner's signed authority,Signed 4 November 2020,2,ok,
Management agreement register as at 1 September 2026,ma-08,Synthetic management agreement MA-08,"Form B (Synthetic Agency One, 2019 edition)",Management fee,6.6%,1,ok,
Management agreement register as at 1 September 2026,ma-08,Synthetic management agreement MA-08,"Form B (Synthetic Agency One, 2019 edition)",Owner repair limit,$800,1,ok,
Management agreement register as at 1 September 2026,ma-08,Synthetic management agreement MA-08,"Form B (Synthetic Agency One, 2019 edition)",Landlord insurance expiry,28 February 2027,1,ok,
Management agreement register as at 1 September 2026,ma-08,Synthetic management agreement MA-08,"Form B (Synthetic Agency One, 2019 edition)",Owner's signed authority,Signed 17 May 2021,2,ok,
Management agreement register as at 1 September 2026,ma-09,Synthetic management agreement MA-09,"Form B (Synthetic Agency One, 2019 edition)",Management fee,7.7%,1,ok,
Management agreement register as at 1 September 2026,ma-09,Synthetic management agreement MA-09,"Form B (Synthetic Agency One, 2019 edition)",Owner repair limit,$500,1,ok,
Management agreement register as at 1 September 2026,ma-09,Synthetic management agreement MA-09,"Form B (Synthetic Agency One, 2019 edition)",Landlord insurance expiry,31 July 2027,1,ok,
Management agreement register as at 1 September 2026,ma-09,Synthetic management agreement MA-09,"Form B (Synthetic Agency One, 2019 edition)",Owner's signed authority,Signed 23 January 2022,2,ok,
Management agreement register as at 1 September 2026,ma-10,Synthetic management agreement MA-10,"Form C (Synthetic Agency Two, from a bought rent roll)",Management fee,5.5%,2,ok,
Management agreement register as at 1 September 2026,ma-10,Synthetic management agreement MA-10,"Form C (Synthetic Agency Two, from a bought rent roll)",Owner repair limit,Not stated,2,review,The repair limit in item A2 on page 2 is blank. Ask the Owner to set one.
Management agreement register as at 1 September 2026,ma-10,Synthetic management agreement MA-10,"Form C (Synthetic Agency Two, from a bought rent roll)",Landlord insurance expiry,31 December 2026,2,ok,
Management agreement register as at 1 September 2026,ma-10,Synthetic management agreement MA-10,"Form C (Synthetic Agency Two, from a bought rent roll)",Owner's signed authority,Signed 6 June 2023,3,ok,
Management agreement register as at 1 September 2026,ma-11,Synthetic management agreement MA-11,"Form C (Synthetic Agency Two, from a bought rent roll)",Management fee,5.5%,2,ok,
Management agreement register as at 1 September 2026,ma-11,Synthetic management agreement MA-11,"Form C (Synthetic Agency Two, from a bought rent roll)",Owner repair limit,"$1,000",2,ok,
Management agreement register as at 1 September 2026,ma-11,Synthetic management agreement MA-11,"Form C (Synthetic Agency Two, from a bought rent roll)",Landlord insurance expiry,31 May 2027,2,ok,
Management agreement register as at 1 September 2026,ma-11,Synthetic management agreement MA-11,"Form C (Synthetic Agency Two, from a bought rent roll)",Owner's signed authority,Signed 19 October 2023,3,ok,
Management agreement register as at 1 September 2026,ma-12,Synthetic management agreement MA-12,"Form C (Synthetic Agency Two, from a bought rent roll)",Management fee,6.6%,2,ok,
Management agreement register as at 1 September 2026,ma-12,Synthetic management agreement MA-12,"Form C (Synthetic Agency Two, from a bought rent roll)",Owner repair limit,$800,2,ok,
Management agreement register as at 1 September 2026,ma-12,Synthetic management agreement MA-12,"Form C (Synthetic Agency Two, from a bought rent roll)",Landlord insurance expiry,31 January 2027,2,ok,
Management agreement register as at 1 September 2026,ma-12,Synthetic management agreement MA-12,"Form C (Synthetic Agency Two, from a bought rent roll)",Owner's signed authority,Signed 8 April 2024,3,ok,
Trust deed register as at 1 September 2026,td-01,Synthetic trust deed TD-01,Deed form T1 (long form),Trustee,Synthetic Trustee Company 01,1,ok,
Trust deed register as at 1 September 2026,td-01,Synthetic trust deed TD-01,Deed form T1 (long form),Appointor,Synthetic Principal 01,2,ok,
Trust deed register as at 1 September 2026,td-01,Synthetic trust deed TD-01,Deed form T1 (long form),Vesting date,30 June 2084,2,ok,
Trust deed register as at 1 September 2026,td-01,Synthetic trust deed TD-01,Deed form T1 (long form),Deed of variation,None found,4,ok,
Trust deed register as at 1 September 2026,td-01,Synthetic trust deed TD-01,Deed form T1 (long form),Streaming clause,Clause 9.3,3,ok,
Trust deed register as at 1 September 2026,td-02,Synthetic trust deed TD-02,Deed form T1 (long form),Trustee,Synthetic Trustee Company 02,1,ok,
Trust deed register as at 1 September 2026,td-02,Synthetic trust deed TD-02,Deed form T1 (long form),Appointor,Synthetic Principal 07,5,review,"The deed of variation on page 5 replaced the Appointor named on page 2, Synthetic Principal 02. For the partner to check before anyone relies on it."
Trust deed register as at 1 September 2026,td-02,Synthetic trust deed TD-02,Deed form T1 (long form),Vesting date,30 June 2089,2,ok,
Trust deed register as at 1 September 2026,td-02,Synthetic trust deed TD-02,Deed form T1 (long form),Deed of variation,12 May 2021,5,ok,
Trust deed register as at 1 September 2026,td-02,Synthetic trust deed TD-02,Deed form T1 (long form),Streaming clause,Clause 9.3,3,ok,
Trust deed register as at 1 September 2026,td-03,Synthetic trust deed TD-03,Deed form T1 (long form),Trustee,Synthetic Trustee Company 03,1,ok,
Trust deed register as at 1 September 2026,td-03,Synthetic trust deed TD-03,Deed form T1 (long form),Appointor,Synthetic Principal 03,2,ok,
Trust deed register as at 1 September 2026,td-03,Synthetic trust deed TD-03,Deed form T1 (long form),Vesting date,30 June 2092,2,ok,
Trust deed register as at 1 September 2026,td-03,Synthetic trust deed TD-03,Deed form T1 (long form),Deed of variation,None found,4,ok,
Trust deed register as at 1 September 2026,td-03,Synthetic trust deed TD-03,Deed form T1 (long form),Streaming clause,Clause 9.3,3,ok,
Trust deed register as at 1 September 2026,td-04,Synthetic trust deed TD-04,Deed form T2 (short form),Trustee,Synthetic Trustee Company 04,1,ok,
Trust deed register as at 1 September 2026,td-04,Synthetic trust deed TD-04,Deed form T2 (short form),Appointor,Synthetic Principal 04,1,ok,
Trust deed register as at 1 September 2026,td-04,Synthetic trust deed TD-04,Deed form T2 (short form),Vesting date,30 June 2026,1,review,The vesting day is before this register's date of 1 September 2026. For the partner to review.
Trust deed register as at 1 September 2026,td-04,Synthetic trust deed TD-04,Deed form T2 (short form),Deed of variation,None found,3,ok,
Trust deed register as at 1 September 2026,td-04,Synthetic trust deed TD-04,Deed form T2 (short form),Streaming clause,Clause 6.2,2,ok,
Trust deed register as at 1 September 2026,td-05,Synthetic trust deed TD-05,Deed form T2 (short form),Trustee,Synthetic Trustee Company 05,1,ok,
Trust deed register as at 1 September 2026,td-05,Synthetic trust deed TD-05,Deed form T2 (short form),Appointor,Synthetic Principal 05,1,ok,
Trust deed register as at 1 September 2026,td-05,Synthetic trust deed TD-05,Deed form T2 (short form),Vesting date,30 June 2096,1,ok,
Trust deed register as at 1 September 2026,td-05,Synthetic trust deed TD-05,Deed form T2 (short form),Deed of variation,None found,3,ok,
Trust deed register as at 1 September 2026,td-05,Synthetic trust deed TD-05,Deed form T2 (short form),Streaming clause,Clause 6.2,2,ok,
Trust deed register as at 1 September 2026,td-06,Synthetic trust deed TD-06,Deed form T2 (short form),Trustee,Synthetic Trustee Company 06,1,ok,
Trust deed register as at 1 September 2026,td-06,Synthetic trust deed TD-06,Deed form T2 (short form),Appointor,Synthetic Principal 06,1,ok,
Trust deed register as at 1 September 2026,td-06,Synthetic trust deed TD-06,Deed form T2 (short form),Vesting date,30 June 2099,1,ok,
Trust deed register as at 1 September 2026,td-06,Synthetic trust deed TD-06,Deed form T2 (short form),Deed of variation,None found,3,ok,
Trust deed register as at 1 September 2026,td-06,Synthetic trust deed TD-06,Deed form T2 (short form),Streaming clause,Page missing,1,blocked,"The file holds pages 1 and 3 of this 3-page deed. Page 2, which holds this form's streaming clause, is missing."
